karta,število pojavitev,število zbirov,lokacija
PSY-Frame Driver,88,88,main
Effect Veiler,256,118,main
Droll & Lock Bird,315,126,main
Purrely,10,5,main
Purrelyly,10,5,main
"Maxx ""C""",883,297,main
PSY-Framegear Gamma,175,88,main
Ash Blossom & Joyous Spring,823,281,main
Pot of Prosperity,183,183,main
Stray Purrely Street,15,5,main
My Friend Purrely,15,5,main
Purrely Delicious Memory,5,5,main
Purrely Happy Memory,15,5,main
Purrely Pretty Memory,15,5,main
Purrely Sleepy Memory,15,5,main
Infinite Impermanence,979,356,main
Purrelyeap!?,8,5,main
PSY-Framelord Omega,15,15,extra
Lyrilusc - Assembled Nightingale,49,28,extra
Epurrely Beauty,20,10,extra
Epurrely Happiness,10,5,extra
Epurrely Plump,5,5,extra
Epurrely Noir,5,5,extra
Downerd Magician,21,20,extra
Expurrely Noir,9,5,extra
Divine Arsenal AA-ZEUS - Sky Thunder,88,81,extra
Relinquished Anima,48,48,extra
S:P Little Knight,284,265,extra
Mannadium Meek,9,3,main
Scareclaw Reichheart,17,7,main
Mannadium Riumheart,9,3,main
Visas Samsara,5,3,main
Visas Starfrost,11,8,main
Bystial Druiswurm,61,61,main
Bystial Magnamhut,83,83,main
"Nibiru, the Primal Being",126,108,main
Reinforcement of the Army,48,48,main
Triple Tactics Talent,297,188,main
Scareclaw Arrival,13,7,main
Mannadium Abscission,7,3,main
Mannadium Imaginings,2,2,main
Primitive Planet Reichphobia,13,7,main
Primeval Planet Perlereino,20,20,main
Peaceful Planet Calarium,9,3,main
Called by the Grave,634,318,main
Crossout Designator,215,215,main
Mannadium Reframing,3,3,main
Vicious Astraloud,11,8,extra
Mannadium Trisukta,3,3,extra
Accel Synchro Stardust Dragon,41,39,extra
Visas Amritara,5,5,extra
Baronne de Fleur,113,113,extra
Swordsoul Supreme Sovereign - Chengying,120,116,extra
Bystial Dis Pater,30,30,extra
Crimson Dragon,27,27,extra
Scareclaw Light-Heart,14,7,extra
I:P Masquerena,105,104,extra
Cross-Sheep,37,37,extra
Spright Elf,51,41,extra
Floowandereeze & Eglen,81,27,main
Floowandereeze & Robina,81,27,main
Floowandereeze & Stri,56,27,main
Floowandereeze & Toccan,41,27,main
Dimension Shifter,60,31,main
Mist Valley Apex Avian,6,6,main
Raiza the Mega Monarch,54,26,main
Floowandereeze & Empen,27,27,main
Floowandereeze & Snowl,13,13,main
Harpie's Feather Duster,119,119,main
Pot of Duality,55,55,main
Pot of Extravagance,111,111,main
Jack-In-The-Hand,68,26,main
Time-Tearing Morganite,84,34,main
"Spell Card ""Soul Exchange""",4,2,main
Floowandereeze and the Magnificent Map,27,27,main
Floowandereeze and the Unexplored Winds,44,27,main
Floowandereeze and the Advent of Adventure,18,6,main
Harpie's Feather Storm,11,10,main
Evenly Matched,454,174,main
Floowandereeze and the Dreaming Town,8,6,main
Lyrilusc - Recital Starling,24,15,extra
Lyrilusc - Ensemblue Robin,11,9,extra
Lyrilusc - Promenade Thrush,22,14,extra
Super Starslayer TY-PHON - Sky Crisis,142,131,extra
Salamangreat Almiraj,64,63,extra
"Wynn the Wind Charmer, Verdant",44,38,extra
"Eria the Water Charmer, Gentle",75,65,extra
Tri-Brigade Ferrijit the Barren Blossom,13,13,extra
Knightmare Unicorn,24,24,extra
Accesscode Talker,95,95,extra
Underworld Goddess of the Closed World,62,62,extra
Labrynth Cooclock,8,8,main
Labrynth Stovie Torbie,16,8,main
Labrynth Chandraglier,16,8,main
Arianna the Labrynth Servant,22,8,main
Arias the Labrynth Butler,23,9,main
Lovely Labrynth of the Silver Castle,8,8,main
Lady Labrynth of the Silver Castle,13,9,main
Different Dimension Ground,6,4,main
Trap Trick,69,26,main
Ice Dragon's Prison,10,7,main
Welcome Labrynth,20,8,main
Big Welcome Labrynth,26,9,main
Destructive Daruma Karma Cannon,67,24,main
Chaos Angel,120,110,extra
Abyss Dweller,62,58,extra
Number 60: Dugares the Timeless,32,30,extra
Number 41: Bagooska the Terribly Tired Tapir,45,43,extra
"Clara & Rushka, the Ventriloduo",2,2,extra
Muckraker From the Underworld,48,40,extra
Despian Tragedy,13,11,main
Fallen of Albaz,36,12,main
Aluber the Jester of Despia,22,11,main
Springans Kitt,13,12,main
Tri-Brigade Mercourier,16,11,main
"Blazing Cartesia, the Virtuous",33,15,main
"Guiding Quem, the Virtuous",32,16,main
Bystial Saronir,24,24,main
Albion the Shrouded Dragon,33,12,main
The Bystial Lubellion,77,30,main
Gold Sarcophagus,30,30,main
That Grass Looks Greener,32,32,main
Fusion Deployment,33,11,main
Branded in White,10,10,main
Branded Fusion,12,12,main
Foolish Burial,79,79,main
Triple Tactics Thrust,180,79,main
Branded Lost,13,11,main
Super Polymerization,155,54,main
Branded Opening,11,11,main
Branded in High Spirits,36,12,main
Branded in Red,12,12,main
Branded Sword,6,6,main
Branded Banishment,5,5,main
Fusion Duplication,10,10,main
Branded Retribution,19,11,main
"Garura, Wings of Resonant Life",81,68,extra
Predaplant Dragostapelia,37,37,extra
Borreload Furious Dragon,12,12,extra
Titaniklad the Ash Dragon,26,18,extra
Sprind the Irondash Dragon,11,5,extra
Albion the Branded Dragon,28,15,extra
Despian Quaeritis,9,9,extra
Mirrorjade the Iceblade Dragon,32,17,extra
Lubellion the Searing Dragon,13,12,extra
Granguignol the Dusk Dragon,18,15,extra
Rindbrumm the Striking Dragon,12,12,extra
Albion the Sanctifire Dragon,13,13,extra
Predaplant Verte Anaconda,18,18,extra
Evoltile Megachirella,4,4,main
Animadorned Archosaur,5,5,main
Snake-Eye Ash,24,24,main
Snake-Eyes Poplar,55,28,main
Black Mamba,2,2,main
Miscellaneousaurus,12,6,main
"Nauya, the Ogdoadic Remnant",6,2,main
"Nunu, the Ogdoadic Remnant",5,2,main
"Zohah, the Ogdoadic Boundless",2,2,main
Night Sword Serpent,2,2,main
Evolsaur Lios,4,4,main
Diabellstar the Black Witch,94,35,main
"Amunessia, the Ogdoadic Queen",2,2,main
"Aron, the Ogdoadic King",2,2,main
"Keurse, the Ogdoadic Light",2,2,main
Snake-Eyes Flamberge Dragon,26,24,main
"Ogdoabyss, the Ogdoadic Overlord",2,2,main
"Nephilabyss, the Ogdoadic Overlord",2,2,main
Original Sinful Spoils - Snake-Eye,42,35,main
Heavy Storm,23,23,main
Snake Rain,6,2,main
One for One,69,69,main
Ogdoadic Water Lily,2,2,main
Sinful Spoils of Subversion - Snake-Eye,19,15,main
Bonfire,56,29,main
Divine Temple of the Snake-Eye,15,15,main
WANTED: Seeker of Sinful Spoils,35,35,main
Ogdoadic Daybreak,2,2,main
Planet Pollutant Virus,2,2,main
Evo-Singularity,4,4,main
King of the Feral Imps,2,2,extra
Evolzar Lars,8,6,extra
"Promethean Princess, Bestower of Flames",42,39,extra
Salamangreat Raging Phoenix,26,22,extra
Linkuriboh,74,74,extra
Knightmare Phoenix,43,42,extra
"Hiita the Fire Charmer, Ablaze",35,35,extra
Alien Shocktrooper M-Frame,2,2,extra
Reptilianne Echidna,2,2,extra
Cosmic Slicer Zer'oll,2,2,extra
Amphibious Swarmship Amblowhale,18,18,extra
"Apollousa, Bow of the Goddess",90,90,extra
Worldsea Dragon Zealantis,84,84,extra
Tearlaments Havnis,17,17,main
Performage Trick Clown,8,8,main
Fairy Tail - Snow,21,17,main
Supreme Sea Mare,13,9,main
Tearlaments Reinoheart,46,17,main
Tearlaments Scheiren,40,20,main
Keldo the Sacred Protector,18,18,main
Mudora the Sword Oracle,19,19,main
Shaddoll Beast,10,10,main
Destrudo the Lost Dragon's Frisson,18,17,main
Kashtira Fenrir,34,34,main
Tearlaments Kashtira,21,21,main
Foolish Burial Goods,37,37,main
Tearlaments Grief,24,16,main
Pressured Planet Wraitsoth,29,29,main
Tearlaments Scream,41,15,main
Tearlaments Heartbeat,14,14,main
Tearlaments Metanoise,13,13,main
Trivikarma,18,15,main
Tearlaments Sulliek,15,15,main
Tearlaments Cryme,12,12,main
Mudragon of the Swamp,57,52,extra
El Shaddoll Winda,8,8,extra
Tearlaments Kitkallos,17,17,extra
Tearlaments Rulkallos,19,19,extra
Predaplant Triphyoverutum,3,3,extra
Tearlaments Kaleido-Heart,14,14,extra
Time Thief Redoer,18,18,extra
"Dharc the Dark Charmer, Gloomy",61,60,extra
Gruesome Grave Squirmer,66,33,main
Samsara D Lotus,96,33,main
Dark Beckoning Beast,89,36,main
Unchained Twins - Aruha,15,5,main
Unchained Twins - Rakea,6,5,main
Unchained Twins - Sarama,6,5,main
Unchained Soul of Sharvara,48,37,main
Unchained Soul of Shyama,7,6,main
Abominable Unchained Soul,7,7,main
Yubel,38,34,main
Spirit of Yubel,91,34,main
Yubel - Terror Incarnate,33,33,main
Abomination's Prison,15,5,main
Nightmare Throne,111,37,main
Opening of the Spirit Gates,101,36,main
Nightmare Pain,67,33,main
Abominable Chamber of the Unchained,14,8,main
Escape of the Unchained,45,36,main
Phantom of Yubel,100,35,extra
D/D/D Wave High King Caesar,14,9,extra
Unchained Soul Lord of Yama,54,41,extra
Abyss Actor - Super Producer,4,4,extra
Unchained Soul of Rage,46,41,extra
Unchained Soul of Anguish,29,29,extra
Knightmare Gryphon,7,7,extra
Unchained Abomination,13,13,extra
Magicians' Souls,21,11,main
Infernoble Knight - Renaud,10,10,main
Fire Flint Lady,10,9,main
Tobari the Sky Ninja,4,2,main
Courageous Crimson Chevalier Bradamante,2,2,main
Snake-Eye Oak,21,21,main
Diviner of the Herald,135,47,main
Neo-Spacian Aqua Dolphin,7,7,main
Ha-Re the Sword Mikanko,11,7,main
Hu-Li the Jewel Mikanko,14,9,main
Baku the Beast Ninja,2,2,main
Ninja Grandmaster Hanzo,4,2,main
Dawn Knight,2,2,main
Neo Space Connector,20,7,main
Heroic Challenger - Morning Star,5,5,main
Toy Soldier,6,4,main
Toy Tank,4,4,main
Immortal Phoenix Gearfried,9,9,main
Ohime the Manifested Mikanko,19,7,main
Illusion of Chaos,14,8,main
Preparation of Rites,23,9,main
Heroic Call,5,5,main
Phoenix Gearblade,9,9,main
"""Infernoble Arms - Durendal""",16,12,main
Ninjitsu Art Tool - Iron Digger,2,2,main
Mikanko Dance - Mayowashidori,13,9,main
Mikanko Fire Dance,6,6,main
Mikanko Water Arabesque,18,7,main
Angelica's Angelic Ring,9,9,main
Toy Box,12,4,main
Forbidden Droplet,166,71,main
The Great Mikanko Ceremony,8,7,main
Heavy Slump,2,2,main
Mikanko Spiritwalk,7,7,main
Elder Entity N'tss,67,53,extra
Meizen the Battle Ninja,4,2,extra
Herald of the Arc Light,68,54,extra
Infernoble Knight Emperor Charles,9,9,extra
M-X-Saber Invoker,8,8,extra
Infernal Flame Banshee,2,2,extra
Emperor Charles the Great,15,9,extra
"Isolde, Two Tales of the Noble Knights",19,10,extra
Naturia Mole Cricket,12,4,main
Naturia Sunflower,4,4,main
Naturia Camellia,12,4,main
Reasoning,60,20,main
Runick Fountain,17,17,main
Runick Destruction,17,17,main
Runick Dispelling,36,17,main
Runick Flashing Fire,51,17,main
Runick Freezing Curses,34,17,main
Runick Golden Droplet,22,17,main
Runick Slumber,34,17,main
Runick Smiting Storm,38,17,main
Runick Tip,34,17,main
Naturia Blessing,12,4,main
Naturia Sacred Tree,12,4,main
Hugin the Runick Wings,40,17,extra
Geri the Runick Fangs,23,17,extra
Sleipnir the Runick Mane,9,9,extra
Naturia Beast,4,4,extra
Coral Dragon,63,60,extra
Tri-Edge Master,5,5,extra
Evilswarm Exciton Knight,14,14,extra
Aratama,2,1,main
Exosister Elis,3,1,main
Exosister Irene,1,1,main
Exosister Sophia,1,1,main
Exosister Stella,1,1,main
Exosister Martha,3,1,main
Sakitama,3,2,main
Exosister Carpedivem,1,1,main
Exosister Pax,3,1,main
Exosister Vadis,1,1,main
Exosister Returnia,2,1,main
Exosister Asophiel,2,2,extra
Exosister Gibrine,2,1,extra
Exosister Kaspitell,2,1,extra
Exosister Mikailis,3,1,extra
Full Armored Utopic Ray Lancer,15,14,extra
Exosisters Magnifica,2,1,extra
Bystial Baldrake,28,20,main
Branded Regained,24,22,main
Guardian Chimera,19,16,extra
Despian Luluwalilith,5,5,extra
Speedroid Taketomborg,59,39,main
Speedroid Terrortop,117,39,main
The Phantom Knights of Ancient Cloak,6,3,main
The Phantom Knights of Ragged Gloves,3,3,main
The Phantom Knights of Silent Boots,10,4,main
The Phantom Knights of Torn Scales,9,3,main
Water Enchantress of the Temple,12,6,main
Wandering Gryphon Rider,4,4,main
"Duamutef, Blessing of Horus",8,8,main
"Hapi, Guidance of Horus",16,16,main
"Imsety, Glory of Horus",45,16,main
Rite of Aramesir,17,6,main
"Dracoback, the Rideable Dragon",6,6,main
Fateful Adventure,6,6,main
King's Sarcophagus,36,16,main
Phantom Knights' Wing,3,3,main
Phantom Knights' Fog Blade,9,4,main
Leviair the Sea Dragon,4,4,extra
The Phantom Knights of Break Sword,6,3,extra
Raider's Knight,20,16,extra
Arc Rebellion Xyz Dragon,10,10,extra
Number 90: Galaxy-Eyes Photon Lord,12,12,extra
The Zombie Vampire,12,12,extra
"Cherubini, Ebon Angel of the Burning Abyss",3,3,extra
The Phantom Knights of Rusty Bardiche,5,5,extra
Squeaknight,3,3,main
Infernoble Knight Ricciardetto,7,7,main
Sublimation Knight,7,3,main
Infernoble Knight Ogier,7,7,main
Infernoble Knight Turpin,7,7,main
"""Infernoble Arms - Almace""",6,6,main
Noble Arms Museum,14,7,main
Infernoble Knight Captain Roland,7,7,extra
"Angelica, Princess of Noble Arms",7,7,extra
Ferocious Flame Swordsman,4,4,extra
Synkron Resonator,9,9,main
Crimson Resonator,9,9,main
Vision Resonator,20,10,main
Soul Resonator,20,9,main
Obsessive Uvualoop,9,9,main
Bone Archfiend,27,9,main
Centur-Ion Primera,47,25,main
Centur-Ion Trudea,47,24,main
Earthbound Prisoner Stone Sweeper,25,9,main
Resonator Call,23,9,main
Stand Up Centur-Ion!,69,25,main
Void Apocalypse,10,6,main
Crimson Gaia,20,10,main
Emblema Oath,64,23,main
Wake Up Centur-Ion!,19,19,main
Red Reign,2,2,main
Centur-Ion Phalanx,22,19,main
Red Zone,9,9,main
Red Rising Dragon,18,9,extra
Ancient Pixie Dragon,6,6,extra
Red Dragon Archfiend,15,9,extra
Scarlight Red Dragon Archfiend,8,8,extra
Scarred Dragon Archfiend,11,9,extra
Hot Red Dragon Archfiend Abyss,9,9,extra
Hot Red Dragon Archfiend Bane,5,5,extra
Cosmic Blazar Dragon,31,28,extra
Red Supernova Dragon,20,20,extra
Centur-Ion Auxila,28,25,extra
Centur-Ion Legatia,31,24,extra
Ghost Ogre & Snow Rabbit,30,18,main
Chaos Mirage Dragon,2,1,main
The Chaos Creator,1,1,main
Chaos Nephthys,5,5,main
Centur-Ion Gargoyle II,18,18,main
Change of Heart,27,19,main
Allure of Darkness,18,7,main
Chaos Space,5,3,main
Dhampir Vampire Sheridan,1,1,extra
"Dingirsu, the Orcust of the Evening Star",5,5,extra
Jowgen the Spiritualist,18,6,main
Barrier Statue of the Torrent,8,4,main
Gravekeeper's Commandant,4,3,main
Fossil Dyna Pachycephalo,36,12,main
Inspector Boarder,11,11,main
"Dogmatika Ecclesia, the Virtuous",12,6,main
Raigeki,85,64,main
Pot of Desires,49,49,main
Nadir Servant,36,18,main
Moon Mirror Shield,12,6,main
Necrovalley,27,13,main
Dogmatika Punishment,13,6,main
Crackdown,27,11,main
Solemn Judgment,87,35,main
Solemn Warning,28,13,main
Solemn Strike,42,21,main
Earth Golem @Ignister,10,10,extra
Starving Venom Fusion Dragon,11,10,extra
Dragon Knight Draco-Equiste,1,1,extra
Yubel - The Loving Defender Forever,29,27,extra
Golden Cloud Beast - Malong,5,5,extra
Tri-Brigade Arms Bucephalus II,4,4,extra
Sunseed Genius Loci,14,5,main
Rikka Petal,46,16,main
Aromage Jasmine,2,2,main
Sunseed Twin,5,5,main
Lonefire Blossom,8,4,main
Naturia Rosewhip,2,2,main
Cactus Bouncer,3,3,main
Primula the Rikka Fairy,25,15,main
Rikka Princess,47,16,main
Mudan the Rikka Fairy,40,16,main
Snowdrop the Rikka Fairy,23,16,main
"Therion ""King"" Regulus",5,5,main
"Therion ""Lily"" Borea",24,11,main
Unexpected Dai,23,8,main
Painful Decision,4,2,main
Rikka Glamour,47,16,main
Sunvine Sowing,9,5,main
Small World,57,21,main
Therion Discolosseum,6,6,main
Rikka Konkon,44,16,main
Rikka Sheet,24,16,main
Rikka Queen Strenna,35,17,extra
Teardrop the Rikka Queen,25,17,extra
"Sacred Tree Beast, Hyperyton",5,5,extra
Sunavalon Dryas,15,5,extra
Sunvine Healer,10,5,extra
Sunvine Thrasher,5,5,extra
Aromaseraphy Jasmine,10,5,extra
Sylvan Dancepione,18,16,extra
Sunavalon Melias,5,5,extra
Benghalancer the Resurgent,5,5,extra
Lava Golem,13,6,main
Vanity's Ruler,4,2,main
Horus the Black Flame Deity,2,2,main
"Qebehsenuef, Protection of Horus",3,3,main
Trade-In,7,3,main
Walls of the Imperial Tomb,19,8,main
Skill Drain,3,3,main
Summon Limit,2,2,main
Tyrant's Tirade,3,1,main
Blood Mefist,1,1,extra
Coach King Giantrainer,1,1,extra
Number 62: Galaxy-Eyes Prime Photon Dragon,4,4,extra
"Number 23: Lancelot, Dark Knight of the Underworld",2,2,extra
Galaxy-Eyes Full Armor Photon Dragon,3,3,extra
Number 38: Hope Harbinger Dragon Titanic Galaxy,7,7,extra
Galaxy-Eyes Cipher Dragon,3,3,extra
Number 68: Sanaphond the Sky Prison,1,1,extra
Number 97: Draglubion,3,3,extra
Number C62: Neo Galaxy-Eyes Prime Photon Dragon,3,3,extra
Number 92: Heart-eartH Dragon,1,1,extra
Galaxy-Eyes Cipher Blade Dragon,3,3,extra
Number 84: Pain Gainer,1,1,extra
Number 77: The Seven Sins,1,1,extra
Fantastical Dragon Phantazmay,12,6,main
Magical Spring,3,1,side
Ghost Belle & Haunted Mansion,32,19,main
Psychic End Punisher,8,8,extra
Live☆Twin Ki-sikil,5,2,main
Live☆Twin Lil-la,6,2,main
Live☆Twin Lil-la Treat,2,2,main
Live☆Twin Ki-sikil Frost,2,2,main
Spright Blue,19,10,main
Spright Carrot,10,10,main
Spright Jet,18,10,main
Spright Red,12,10,main
EM:P Meowmine,6,6,main
Live☆Twin Sunny's Snitch,6,2,main
Spright Gamma Burst,4,4,main
Spright Starter,18,10,main
Gigantic Spright,25,17,extra
Evil★Twin Ki-sikil,4,2,extra
Evil★Twin Lil-la,2,2,extra
Evil★Twin's Trouble Sunny,2,2,extra
Rescue-ACE Hydrant,8,4,main
Rescue-ACE Impulse,16,6,main
Rescue-ACE Air Lifter,8,4,main
Rescue-ACE Fire Engine,3,3,main
Rescue-ACE Preventer,8,4,main
Rescue-ACE Turbulence,8,4,main
Rescue-ACE HQ,4,4,main
RESCUE!,4,4,main
ALERT!,4,4,main
EMERGENCY!,12,4,main
CONTAIN!,4,4,main
EXTINGUISH!,4,4,main
Salamangreat Sunlight Wolf,18,16,extra
The Phantom Knights of Stained Greaves,2,2,main
The Phantom Knights of Shade Brigandine,2,2,main
Phantom Knights' Sword,1,1,main
Rivalry of Warlords,4,4,main
Zoodiac Ramram,6,4,main
Zoodiac Thoroughblade,8,4,main
Zoodiac Whiptail,4,4,main
Time Thief Bezel Ship,1,1,main
Time Thief Regulator,3,1,main
Time Thief Winder,3,1,main
Time Thief Chronocorder,1,1,main
Armored Xyz,26,26,main
Zoodiac Barrage,12,4,main
Time Thief Hack,1,1,main
Full-Armored Xyz,28,28,main
Time Thief Power Reserve,3,1,main
Zoodiac Boarbow,13,13,extra
Zoodiac Drident,12,8,extra
Zoodiac Tigermortar,7,5,extra
Zoodiac Chakanine,17,14,extra
Time Thief Perpetua,1,1,extra
Xyz Armor Fortress,33,32,extra
Full Armored Crystalzero Lancer,16,16,extra
Full Armored Dark Knight Lancer,32,31,extra
Scareclaw Acro,7,4,main
Scareclaw Astra,9,4,main
Scareclaw Belone,7,4,main
Nemeses Corridor,2,2,main
Kashtira Unicorn,21,11,main
Scareclaw Kashtira,6,6,main
Archnemeses Protos,3,3,main
Kashtiratheosis,14,6,main
Kashtira Birth,18,11,main
Scareclaw Twinsaw,2,2,main
Thunder Dragon Colossus,3,3,extra
Kashtira Shangri-Ira,12,6,extra
Scareclaw Tri-Heart,6,4,extra
Jet Synchron,8,5,main
Assault Synchron,4,4,main
Superheavy Samurai Motorbike,18,6,main
Revolution Synchron,8,4,main
Superheavy Samurai Scales,5,4,main
Superheavy Samurai Soulpiercer,4,4,main
Stardust Synchron,7,3,main
Stardust Trail,1,1,main
Praying Mantis,1,1,main
Superheavy Samurai Prodigy Wakaushi,21,7,main
Superheavy Samurai Monk Big Benkei,7,6,main
Card Destruction,8,8,main
Left Arm Offering,15,5,main
Stardust Illumination,2,2,main
Synchro Overtake,16,7,main
Synchro Rumble,3,3,main
Red Reboot,10,7,main
T.G. Hyper Librarian,1,1,extra
Accel Synchron,2,2,extra
Jet Warrior,1,1,extra
Junk Speeder,2,2,extra
Black Rose Dragon,2,2,extra
Stardust Dragon,8,8,extra
Cyber Slash Harpie Lady,7,7,extra
Diabolantis the Menacing Mantis,1,1,extra
"Trishula, Dragon of the Ice Barrier",59,53,extra
Ravenous Crocodragon Archethys,65,63,extra
"Lo, the Prayers of the Voiceless Voice",134,45,main
"Saffira, Dragon Queen of the Voiceless Voice",132,45,main
"Sauravis, Dragon Sage of the Voiceless Voice",44,44,main
Trias Hierarchia,44,44,main
"Sauravis, the Ancient and Ascended",69,46,main
"Skull Guardian, Protector of the Voiceless Voice",89,45,main
Pre-Preparation of Rites,123,45,main
Prayers of the Voiceless Voice,89,45,main
Blessing of the Voiceless Voice,45,45,main
Barrier of the Voiceless Voice,133,45,main
Radiance of the Voiceless Voice,44,44,main
Dyna Mondo,107,47,extra
Secure Gardna,34,34,extra
"Lyna the Light Charmer, Lustrous",30,30,extra
"Selene, Queen of the Master Magicians",32,29,extra
King Tiger Wanghu,5,3,main
Thunder King Rai-Oh,12,4,main
Cyber Dragon,2,2,main
Clockwork Night,10,4,main
Storming Mirror Force,12,7,main
There Can Be Only One,6,6,main
Chimeratech Fortress Dragon,4,2,extra
Chimeratech Megafleet Dragon,1,1,extra
Link Spider,6,6,extra
D.D. Crow,10,7,main
Ghost Mourner & Moonlit Chill,101,47,main
Zoodiac Ratpier,3,3,main
Fire Formation - Tenki,23,8,main
Zoodiac Hammerkong,5,5,extra
Wandering King Wildwind,3,3,main
Raidraptor - Pain Lanius,8,8,main
Raidraptor - Heel Eagle,11,11,main
Raidraptor - Mimicry Lanius,14,11,main
Raidraptor - Tribute Lanius,33,11,main
Raider's Wing,23,11,main
Raidraptor - Strangle Lanius,33,11,main
"Simorgh, Bird of Perfection",28,10,main
Raidraptor - Bloom Vulture,33,11,main
Raidraptor - Noir Lanius,24,11,main
Rank-Up-Magic Skip Force,14,12,main
Raidraptor - Roost,10,10,main
Rise Rank-Up-Magic Raidraptor's Force,11,11,main
Raidraptor - Glorious Bright,11,11,main
Raidraptor - Rising Rebellion Falcon,17,11,extra
Raidraptor - Force Strix,31,11,extra
Raidraptor - Brave Strix,12,12,extra
Raidraptor - Arsenal Falcon,15,12,extra
Raidraptor - Satellite Cannon Falcon,9,9,extra
Raidraptor - Ultimate Falcon,13,12,extra
Raidraptor - Wise Strix,19,12,extra
Gishki Abyss,12,5,main
Gishki Vision,11,5,main
Gishki Grimness,15,5,main
Gishki Shadow,14,5,main
Evigishki Neremanas,10,5,main
Focused Aquamirror,15,5,main
Gishki Aquamirror,6,5,main
Gishki Nekromirror,6,5,main
Number 29: Mannequin Cat,3,3,extra
Number 2: Ninja Shadow Mosquito,24,19,extra
Superdreadnought Rail Cannon Gustav Max,3,3,extra
Hop Ear Squadron,14,7,main
Centur-Ion Emeth VI,7,7,main
Borreload Dragon,4,4,extra
Chaos Summoning Beast,23,23,main
Eternal Favorite,7,7,main
Borrelsword Dragon,6,6,extra
"Donpa, Marksman Fur Hire",2,2,main
"Rex, Freight Fur Hire",6,2,main
"Beat, Bladesman Fur Hire",2,2,main
"Rafale, Champion Fur Hire",2,2,main
Fossil Dig,18,6,main
Mayhem Fur Hire,1,1,main
Rookie Fur Hire,2,2,main
"Donner, Dagger Fur Hire",5,3,extra
"Folgo, Justice Fur Hire",3,2,extra
Hexa Spirit of the Ice Barrier,99,41,main
Deep Sea Diva,66,23,main
Mirror Mage of the Ice Barrier,107,43,main
General Raiho of the Ice Barrier,50,49,main
"Georgius, Swordman of the Ice Barrier",110,43,main
Medallion of the Ice Barrier,124,42,main
Freezing Chains of the Ice Barrier,46,42,main
Adamancipator Risen - Dragite,72,69,extra
"Lancea, Ancestral Dragon of the Ice Mountain",81,55,extra
Spright Sprind,9,9,extra
Swallow's Cowrie,27,10,main
Slacker Magician,3,3,extra
Knightmare Cerberus,2,2,extra
Tri-Brigade Shuraig the Ominous Omen,2,2,extra
Centur-Ion True Awakening,4,4,main
Chaos Archfiend,3,3,extra
Stardust Sifr Divine Dragon,6,6,extra
Salamangreat of Fire,6,2,main
Salamangreat Weasel,2,2,main
Salamangreat Foxy,1,1,main
Salamangreat Gazelle,6,2,main
Salamangreat Spinny,2,2,main
Code of Soul,2,2,main
Salamangreat Jack Jaguar,2,2,main
Cynet Mining,40,20,main
Salamangreat Sanctuary,3,3,main
Will of the Salamangreat,1,1,main
Salamangreat Circle,6,2,main
Salamangreat Charge,1,1,main
Salamangreat Roar,2,2,main
Brotherhood of the Fire Fist - Horse Prince,2,2,extra
Salamangreat Miragestallio,2,2,extra
Salamangreat Balelynx,7,3,extra
Salamangreat Pyro Phoenix,4,2,extra
Odd-Eyes Pendulumgraph Dragon,15,15,main
Dogmatika Maximus,11,11,main
Odd-Eyes Meteorburst Dragon,8,8,extra
Master Tao the Chanter,3,3,main
Barrier Statue of the Abyss,2,2,main
Edge Imp Chain,9,4,main
Cornfield Coatl,9,3,main
Gazelle the King of Mythical Claws,9,3,main
Mirror Swordknight,9,3,main
Big-Winged Berfomet,6,3,main
Polymerization,13,8,main
Frightfur Patchwork,9,4,main
Chimera Fusion,9,3,main
Berfomet the Mythical King of Phantom Beasts,6,3,extra
Chimera the King of Phantom Beasts,5,3,extra
Magnum the Reliever,3,3,extra
Chimera the Illusion Beast,4,3,extra
Draco-Utopian Aura,17,9,main
Superheavy Samurai Soulpeacemaker,5,3,main
Satellarknight Zefrathuban,1,1,main
Stellarknight Zefraxciton,1,1,main
"Luster Pendulum, the Dracoslayer",1,1,main
Supreme King Dragon Darkwurm,8,3,main
"Dinomight Powerload, the Dracoslayer",16,15,main
"Ignis Phoenix, the Dracoslayer",3,1,main
"Majesty Pegasus, the Dracoslayer",43,17,main
Supreme King Dragon Lightwurm,5,3,main
"Zefraniu, Secret of the Yang Zing",2,1,main
Astrograph Sorcerer,6,6,main
Supreme King Gate Zero,3,3,main
Supreme King Gate Magician,9,3,main
Zefraath,3,1,main
Odd-Eyes Revolution Dragon,7,3,main
Dragon Shrine,10,4,main
Zefra Providence,3,1,main
Oracle of Zefra,3,1,main
Vaylantz World - Konig Wissen,13,7,main
Vaylantz World - Shinra Bansho,9,7,main
Wings of Light,8,3,main
Zefra Divine Strike,1,1,main
Odd-Eyes Vortex Dragon,9,8,extra
Ancient Fairy Dragon,7,7,extra
Clear Wing Synchro Dragon,13,13,extra
Borreload Savage Dragon,7,7,extra
Odd-Eyes Absolute Dragon,9,9,extra
Superheavy Samurai Scarecrow,4,3,extra
Heavymetalfoes Electrumite,10,10,extra
Beyond the Pendulum,9,8,extra
Exceed the Pendulum,6,6,extra
Keeper of Dragon Magic,10,7,main
Ad Libitum of Despia,2,2,main
Archlord Kristya,2,2,main
Legendary Fire King Ponix,12,10,main
Fire King Avatar Arvata,10,10,main
Fire King High Avatar Kirin,30,10,main
Sacred Fire King Garunix,11,10,main
Fire King Island,11,10,main
Fire King Sanctuary,11,10,main
Fire King Sky Burn,10,10,main
Duelittle Chimera,5,5,extra
Crystal Beast Emerald Tortoise,3,3,main
Shaddoll Squamata,1,1,main
Rainbow Bridge of Salvation,7,5,main
Spellbreaker of the Ice Barrier,14,14,main
Revealer of the Ice Barrier,113,39,main
Speaker for the Ice Barriers,79,39,main
Icejade Ran Aegirine,187,67,main
Winds Over the Ice Barrier,28,23,main
"Brionac, the Dragon of Icy Malevolence",21,21,extra
Graydle Dragon,7,7,extra
Icejade Gymir Aegirine,87,80,extra
"Trishula, Zero Dragon of the Ice Barrier",45,45,extra
Marincess Coral Anemone,131,93,extra
Skull Meister,3,3,main
Fire King Courtier Ulcanix,12,5,main
Fire King High Avatar Garunix,5,5,main
"Garunix Eternity, Hyang of the Fire Kings",8,8,extra
Lyrilusc - Cobalt Sparrow,21,7,main
Lyrilusc - Sapphire Swallow,19,7,main
Lyrilusc - Turquoise Warbler,21,7,main
Tri-Brigade Nervall,5,3,main
Lyrilusc - Beryl Canary,19,7,main
Lyrilusc - Celestine Wagtail,16,7,main
Tri-Brigade Kerass,1,1,main
Tri-Brigade Kitt,1,1,main
Tri-Brigade Fraktall,3,1,main
Lyrilusc - Bird Call,21,7,main
Number F0: Utopic Future,4,4,extra
Number F0: Utopic Draco Future,4,4,extra
Ancient Warriors Oath - Double Dragon Lords,7,5,extra
"Simorgh, Bird of Sovereignty",6,5,extra
Odd-Eyes Wing Dragon,9,7,extra
Gagaku-P.U.N.K. Wa Gon,1,1,main
Joruri-P.U.N.K. Madame Spider,1,1,main
Noh-P.U.N.K. Ze Amin,3,1,main
Ukiyoe-P.U.N.K. Sharakusai,1,1,main
Noh-P.U.N.K. Deer Note,2,1,main
Noh-P.U.N.K. Foxy Tune,3,1,main
Noh-P.U.N.K. Ogre Dance,3,1,main
Dark Ruler No More,34,18,main
Lightning Storm,74,52,main
P.U.N.K. JAM Extreme Session,1,1,main
Emergency Teleport,14,7,main
Tally-ho! Springans,1,1,main
Joruri-P.U.N.K. Dangerous Gabu,1,1,main
Ukiyoe-P.U.N.K. Rising Carp,3,2,extra
P.U.N.K. JAM Dragon Drive,1,1,extra
Ukiyoe-P.U.N.K. Amazing Dragon,1,1,extra
Springans Ship - Exblowrer,1,1,extra
Gigantic “Champion” Sargas,1,1,extra
Agnimal Candle,1,1,main
Hieratic Seal of the Heavenly Spheres,5,5,extra
Rescue-ACE Fire Attacker,4,4,main
Monster Reborn,15,15,main
Zoodiac Combo,1,1,main
Swap Frog,12,12,main
"Zep, Ruby of the Ghoti",23,17,main
"Paces, Light of the Ghoti",26,17,main
"Shif, Fairy of the Ghoti",25,17,main
"Keaf, Murk of the Ghoti",19,17,main
"Retaliating ""C""",3,1,main
"Snopios, Shade of the Ghoti",20,17,main
"Psiics, Moonlight of the Ghoti",21,17,main
Sekka's Light,6,2,main
Desert Locusts,1,1,extra
"Arionpos, Serpent of the Ghoti",34,17,extra
White Aura Whale,51,51,extra
"Askaan, the Bicorned Ghoti",28,18,extra
Satellite Warrior,1,1,extra
Ruddy Rose Dragon,1,1,extra
Ghoti of the Deep Beyond,27,18,extra
Raidraptor - Fuzzy Lanius,23,9,main
Raidraptor - Call,2,2,main
Rank-Up-Magic Revolution Force,18,6,main
Raidraptor - Revolution Falcon,4,4,extra
Raidraptor - Revolution Falcon - Air Raid,7,7,extra
Superheavy Samurai General Coral,2,2,main
Shinonome the Vaylantz Priestess,3,1,main
Vaylantz Buster Baron,2,1,main
Saion the Vaylantz Archer,2,1,main
Vaylantz Voltage Viscount,3,1,main
Dinomist Rex,1,1,main
Nazuki the Vaylantz Ninja,2,1,main
Vaylantz Mad Marquess,2,1,main
Hojo the Vaylantz Warrior,1,1,main
Vaylantz Dominator Duke,1,1,main
Vaylantz Wars - The Place of Beginning,1,1,main
Vaylantz Wakening - Solo Activation,3,1,main
Senet Switch,1,1,main
Mamonaka the Vaylantz United,2,2,extra
Vaylantz Genesis Grand Duke,2,1,extra
Arktos XII - Chronochasm Vaylantz,2,1,extra
Superdreadnought Rail Cannon Juggernaut Liebe,1,1,extra
Dotscaper,3,3,main
Firewall Guardian,3,3,main
Mathmech Addition,6,6,main
Mathmech Multiplication,4,4,main
Mathmech Sigma,6,6,main
Mathmech Subtraction,5,5,main
Mathmech Diameter,3,3,main
Mathmech Circular,19,7,main
Firewall Defenser,9,3,main
Parallel eXceed,10,5,main
Mathmech Equation,5,5,main
Mathmech Superfactorial,3,3,main
Cyberse Desavewurm,2,2,extra
Primathmech Laplacian,3,3,extra
Primathmech Alembertian,7,7,extra
Mereologic Aggregator,3,3,extra
Link Decoder,6,6,extra
Update Jammer,5,3,extra
Splash Mage,19,17,extra
G Golem Crystal Heart,6,6,extra
Transcode Talker,6,6,extra
Decode Talker Heatsoul,8,8,extra
Firewall Dragon Darkfluid - Neo Tempest Terahertz,3,3,extra
Firewall Dragon Singularity,8,8,extra
Vanquish Soul Dr. Mad Love,15,7,main
Vanquish Soul Pantera,7,7,main
Vanquish Soul Razen,21,7,main
Vanquish Soul Jiaolong,12,7,main
Vanquish Soul Heavy Borger,20,7,main
Vanquish Soul Caesar Valius,14,7,main
Stake your Soul!,21,7,main
Vanquish Soul Dust Devil,5,5,main
Vanquish Soul Snow Devil,7,7,main
Number 11: Big Eye,6,5,extra
Rock of the Vanquisher,20,7,extra
Security Dragon,2,2,extra
Battlin' Boxer King Dempsey,8,8,extra
REINFORCE!,1,1,main
Yubel - The Ultimate Nightmare,3,3,main
Mature Chronicle,5,5,main
Planet Pathfinder,7,3,main
Kashtira Riseheart,17,10,main
Kashtira Ogre,22,10,main
Kashtira Big Bang,4,4,main
Kashtira Preparations,5,5,main
"Dark Armed, the Dragon of Annihilation",4,4,extra
Kashtira Arise-Heart,11,6,extra
Infinitrack Goliath,3,3,extra
Blackwing - Harmattan the Dust,1,1,main
Blackwing - Chinook the Snow Blast,1,1,main
Blackwing - Vata the Emblem of Wandering,3,1,main
Blackwing - Sharnga the Waning Moon,4,2,main
Blackwing - Zephyros the Elite,4,4,main
Blackwing - Shamal the Sandstorm,3,1,main
Blackwing - Sudri the Phantom Glimmer,3,1,main
Garbage Lord,1,1,main
Assault Blackwing - Kunai the Drizzle,1,1,main
Blackwing - Simoon the Poison Wind,3,1,main
Blackwing - Zonda the Dusk,1,1,main
Black Whirlwind,3,1,main
Black Feather Whirlwind,1,1,main
The Phantom Knights' Rank-Up-Magic Launch,5,5,main
Blackwing - Nothung the Starlight,1,1,extra
Blackwing - Boreastorm the Wicked Wind,1,1,extra
Black-Winged Dragon,1,1,extra
Blackwing Full Armor Master,2,2,extra
Black-Winged Assault Dragon,1,1,extra
D/D/D Duo-Dawn King Kali Yuga,5,5,extra
"Darkness Metal, the Dragon of Dark Steel",1,1,extra
Kurikara Divincarnate,6,6,main
Snake-Eye Birch,1,1,main
Where Arf Thou?,22,8,main
Formula Synchron,1,1,extra
Deck Lockdown,1,1,side
Dimensional Barrier,2,1,side
Majespecter Raccoon - Bunbuku,48,16,main
Majespecter Crow - Yata,48,16,main
Majespecter Fox - Kyubi,17,15,main
Majespecter Porcupine - Yamarashi,47,16,main
Majespecter Toad - Ogama,23,16,main
Majespecter Unicorn - Kirin,18,16,main
Secret Village of the Spellcasters,4,4,main
Majespecter Wind,47,16,main
Majespecter Cyclone,14,14,main
Majespecter Tornado,16,15,main
Majespecter Tempest,19,15,main
"Dinoster Power, the Mighty Dracoslayer",9,9,extra
Majespecter Draco - Ryu,26,17,extra
Hieratic Sky Dragon Overlord of Heliopolis,1,1,extra
Majespecter Orthrus - Nue,39,17,extra
Enigmaster Packbit,24,24,extra
Zombie Warrior,1,1,extra
Kikinagashi Fucho,40,19,extra
Mementotlan Goblin,3,2,main
Mementotlan Mace,2,2,main
Mementotlan Ghattic,2,2,main
Mementotlan Angwitch,6,2,main
Mementotlan Dark Blade,6,2,main
Mementotlan Tatsunootoshigo,6,2,main
Mementotlan-Horned Dragon,2,2,main
Mementoal Tecuhtlica - Combined Creation,2,2,main
Thunder Dragon Fusion,2,2,main
Mementomictlan,2,2,main
Mementotlan Bone Party,6,2,main
Mementotlan Fusion,5,2,main
Mementotlan Fracture Dance,2,2,main
Mementotlan Twin Dragon,4,2,extra
Sky Striker Ace - Azalea,6,6,extra
Beautunaful Princess,64,23,main
Lifeless Leaffish,52,23,main
Fishborg Harpooner,44,24,main
Cupid Pitch,3,3,extra
Mythical Beast Jackal,5,3,main
Spellbook Magician of Prophecy,4,4,main
Magister of Endymion,5,3,main
Servant of Endymion,12,4,main
Magical Abductor,4,3,main
Mythical Beast Bashilisk,2,2,main
Mythical Beast Garuda,2,2,main
Mythical Beast Jackal King,10,4,main
"Endymion, the Mighty Master of Magic",12,4,main
Reflection of Endymion,4,4,main
Mythical Beast Master Cerberus,5,3,main
Upstart Goblin,20,7,main
Into the Void,21,7,main
Spellbook of Secrets,4,4,main
Spellbook of Knowledge,4,4,main
Spell Power Mastery,12,4,main
Magical Citadel of Endymion,4,2,main
Mythical Institution,6,2,main
Mythical Bestiary,4,2,main
"Artemis, the Magistus Moon Maiden",12,12,extra
"Crowley, the First Propheseer",6,6,extra
Infernoble Knight Maugis,5,5,main
Infernoble Knight Oliver,5,5,main
Super Quantum Red Layer,4,4,main
Heritage of the Chalice,12,5,main
Living Fossil,4,4,main
"""Infernoble Arms - Joyeuse""",3,3,main
Fairy Tail - Luna,12,4,main
Life Hack,6,3,main
Macro Cosmos,11,5,main
Destiny HERO - Destroyer Phoenix Enforcer,4,4,extra
Gallant Granite,2,2,extra
Ni-Ni the Mirror Mikanko,4,3,main
Mikanko Promise,5,3,main
Shooting Riser Dragon,2,2,extra
Raidraptor - Vanishing Lanius,7,3,main
Raidraptor - Necro Vulture,2,2,main
Rank-Up-Magic Raid Force,4,2,main
Rank-Up-Magic Soul Shave Force,3,3,main
Phantom Knights' Rank-Up-Magic Force,5,5,main
Raidraptor - Stranger Falcon,2,2,extra
Poissonniere de Nouvelles,3,1,main
Gale Dogra,1,1,main
Cyber Egg Angel,1,1,main
Impcantation Candoll,1,1,main
Impcantation Talismandra,1,1,main
Buerillabaisse de Nouvelles,2,1,main
Confiras de Nouvelles,1,1,main
Poeltis de Nouvelles,1,1,main
Foie Glasya de Nouvelles,1,1,main
Balameuniere de Nouvelles,1,1,main
Hungry Burger,1,1,main
Cyber Angel Benten,5,2,main
Baelgrill de Nouvelles,1,1,main
Impcantation Chalislime,1,1,main
Voici la Carte (Today's Menu),3,1,main
Ritual Sanctuary,1,1,main
"Nouvelles Restaurant ""At Table""",2,1,main
Recette de Poisson (Fish Recipe),2,1,main
Recette de Viande (Meat Recipe),1,1,main
Concours de Cuisine (Culinary Confrontation),3,1,main
Ultimate Fusion,2,2,main
Chef's Special Recipe,1,1,main
Patissciel Couverture,1,1,extra
Blue-Eyes Ultimate Dragon,2,2,extra
Dragon Master Magia,2,2,extra
Gatchiri @Ignister,5,5,main
Linguriboh,5,5,extra
"Saffira, Divine Dragon of the Voiceless Voice",2,2,main
Dark Magician,2,2,main
Magician's Rod,2,2,main
Barrier Statue of the Heavens,1,1,main
Dark Magician Girl,2,2,main
Palladium Oracle Mahad,1,1,main
Chicken Game,11,4,main
Sinful Spoils of Doom - Rciela,1,1,main
Secrets of Dark Magic,2,2,main
Soul Servant,6,2,main
The Dark Magicians,2,2,extra
Piri Reis Map,31,13,main
Frostosaurus,3,3,main
Babycerasaurus,9,3,main
Petiteranodon,5,3,main
Souleating Oviraptor,9,3,main
Giant Rex,2,2,main
Xeno Meteorus,3,3,main
Dinowrestler Pankratops,3,3,main
Ultimate Conductor Tyranno,6,3,main
Double Evolution Pill,5,3,main
Ground Xeno,9,3,main
Transcendosaurus Gigantozowler,3,3,extra
Evolzar Laggia,6,6,extra
Evolzar Dolkka,3,3,extra
Labrynth Labyrinth,5,5,main
Wind-Up Kitten,1,1,main
Ipiria,5,3,main
Capshell,3,3,main
Spright Smashers,2,2,main
Mekk-Knight Crusadia Avramax,3,3,extra
Masquerade the Blazing Dragon,1,1,extra
Pillar of the Future - Cyanos,1,1,main
Sky Striker Ace - Raye,6,2,main
Sky Striker Ace - Roze,2,2,main
Soul Release,1,1,main
Sky Striker Maneuver - Afterburners!,6,5,main
Sky Striker Mobilize - Engage!,21,8,main
Sky Striker Mecha Modules - Multirole,5,4,main
Sky Striker Mecha - Hornet Drones,6,6,main
Sky Striker Mecha - Shark Cannon,8,4,main
Sky Striker Mecha - Widow Anchor,18,7,main
Sky Striker Mobilize - Linkage!,6,2,main
Sky Striker Ace - Shizuku,8,5,extra
Sky Striker Ace - Hayate,14,6,extra
Sky Striker Ace - Kaina,4,4,extra
Sky Striker Ace - Kagari,8,4,extra
Sky Striker Ace - Zeke,2,2,extra
Combined Maneuver - Engage Zero!,2,2,extra
Sky Striker Ace – Camellia,3,3,extra
Traptrix Myrmeleo,6,2,main
Traptrix Dionaea,4,2,main
Traptrix Mantis,6,2,main
Traptrix Vesiculo,1,1,main
Traptrix Arachnocampa,3,2,main
Traptrix Pudica,5,2,main
Traptrip Garden,2,2,main
Torrential Tribute,20,8,main
Bottomless Trap Hole,2,2,main
Traptrix Trap Hole Nightmare,2,2,main
Floodgate Trap Hole,2,2,main
Gravedigger's Trap Hole,4,3,main
Terrors of the Overroot,6,4,main
Traptrix Holeutea,6,3,main
Iron Thunder,11,6,main
Traptrix Rafflesia,2,2,extra
Traptrix Allomerus,2,2,extra
Traptrix Pinguicula,2,2,extra
Traptrix Sera,6,2,extra
"Aussa the Earth Charmer, Immovable",3,3,extra
Traptrix Atypus,2,2,extra
Virtual World Hime - Nyannyan,4,3,main
Virtual World Mai-Hime - Lulu,6,2,main
Virtual World Xiezhi - Jiji,3,1,main
Virtual World Kirin - Lili,3,1,main
Virtual World Roshi - Laolao,6,2,main
Virtual World City - Kauwloon,6,2,main
Virtual World Gate - Qinglong,5,2,main
Virtual World Gate - Chuche,4,2,main
Virtual World Gate - Xuanwu,1,1,main
Stardust Charge Warrior,17,17,extra
Virtual World Beast - Jiujiu,7,7,extra
Crystal Wing Synchro Dragon,30,21,extra
Virtual World Kyubi - Shenshen,10,10,extra
Ultimaya Tzolkin,2,2,extra
Totem Bird,13,13,extra
Number 3: Cicada King,14,14,extra
Constellar Ptolemy M7,1,1,extra
Cosmic Cyclone,14,7,main
Tornado Dragon,8,8,extra
Raidraptor - Blaze Falcon,2,2,extra
Vanquish Soul Pluton HG,2,2,main
Vanquish Soul - Continue?,3,3,main
Rokket Tracer,3,2,main
Rokket Caliber,2,2,main
Boot Sector Launch,2,2,main
Quick Launch,4,2,main
Evilswarm Nightmare,1,1,extra
Gagagaga Magician,1,1,extra
Striker Dragon,4,3,extra
D/D Savant Kepler,6,2,main
D/D Necro Slime,2,2,main
D/D Lamia,2,2,main
D/D Swirl Slime,6,2,main
D/D Cerberus,2,2,main
D/D Orthros,4,2,main
D/D Savant Copernicus,6,2,main
D/D Gryphon,6,2,main
D/D/D Oblivion King Abyss Ragnarok,2,2,main
D/D Savant Thomas,2,2,main
Go! - D/D/D Divine Zero King Rage,2,2,main
Dark Contract with Patent License,2,2,main
Dark Contract with the Gate,15,5,main
Dark Contract with the Swamp King,2,2,main
D/D/D Headhunt,2,2,main
D/D/D Flame King Genghis,4,2,extra
D/D/D Oracle King d'Arc,2,2,extra
D/D/D Flame High King Genghis,2,2,extra
D/D/D Cursed King Siegfried,2,2,extra
D/D/D Wave King Caesar,2,2,extra
D/D/D Marksman King Tell,2,2,extra
D/D/D Deviser King Deus Machinex,9,7,extra
D/D/D Abyss King Gilgamesh,6,2,extra
Skull Guardian,1,1,main
Guardian of the Voiceless Voice,1,1,main
Decode Talker,1,1,extra
Deep Sea Prima Donna,19,19,extra
Odd-Eyes Arc Pendulum Dragon,2,2,main
Performapal Skullcrobat Joker,9,3,main
Soul of the Supreme Celestial King,1,1,main
Supreme King Dragon Starving Venom,3,3,extra
Supreme King Z-ARC,6,4,extra
Supreme King Dragon Clear Wing,2,2,extra
Volcanic Shell,3,1,main
Volcanic Rimfire,3,1,main
Volcanic Trooper,2,1,main
Awakening of the Possessed - Greater Inari Fire,1,1,main
Volcanic Emperor,2,1,main
Fire Ejection,2,1,main
Fire Recovery,3,1,main
Blaze Accelerator,1,1,main
Volcanic Blaze Accelerator,3,1,main
Spiritual Fire Art - Kurenai,1,1,main
Volcanic Emission,1,1,main
Blaze Accelerator Reload,1,1,main
Volcanic Inferno,1,1,main
Geonator Transverser,1,1,extra
"Gadarla, the Mystery Dust Kaiju",32,17,main
"Gameciel, the Sea Turtle Kaiju",55,33,main
Interrupted Kaiju Slumber,7,3,main
Number 100: Numeron Dragon,2,2,extra
Codebreaker Zero Day,2,2,main
Codebreaker Virus Swordsman,5,4,extra
Tri-Gate Wizard,4,4,extra
Codebreaker Virus Berserker,2,2,extra
Sky Striker Ace - Azalea Temperance,2,2,extra
The Winged Dragon of Ra - Sphere Mode,2,1,main
Black Luster Soldier - Soldier of Chaos,1,1,extra
Pentestag,2,2,extra
Ghost Reaper & Winter Cherries,3,1,main
Wannabee!,4,2,main
Dinomorphia Diplos,6,3,main
Dinomorphia Therizia,9,3,main
Ferret Flames,11,5,main
Dinomorphia Alert,5,3,main
Dinomorphia Domain,9,3,main
Dinomorphia Frenzy,9,3,main
Soul of the Supreme King,9,3,main
Dinomorphia Sonic,3,3,main
Dinomorphia Intact,8,3,main
Dinomorphia Kentregina,9,3,extra
Dinomorphia Stealthbergia,4,3,extra
Brave-Eyes Pendulum Dragon,3,3,extra
Dinomorphia Rexterm,8,3,extra
Odd-Eyes Arcray Dragon,3,3,extra
Crystal Clear Wing Synchro Dragon,10,8,extra
General Wayne of the Ice Barrier,20,15,main
"Tidal, Dragon Ruler of Waterfalls",11,6,main
Ice Barrier,38,22,main
Lady Debug,4,2,main
Salamangreat Rage,1,1,main
Cyberse Wicckid,4,4,extra
SPYRAL GEAR - Drone,2,2,main
SPYRAL Quik-Fix,6,2,main
Slower Swallow,10,7,main
SPYRAL GEAR - Last Resort,2,2,main
SPYRAL Super Agent,2,2,main
SPYRAL Master Plan,4,2,main
SPYRAL Sleeper,2,2,main
SPYRAL GEAR - Big Red,4,2,main
Dragon Ravine,9,5,main
SPYRAL Resort,6,2,main
SPYRAL MISSION - Assault,2,2,main
SPYRAL MISSION - Rescue,6,2,main
SPYRAL Double Helix,2,2,extra
Dragunity Knight - Romulus,11,6,extra
Barricadeborg Blocker,3,3,extra
White Sardine,39,13,main
Silent Angler,42,23,main
White Sunfish,19,13,main
Abyss Shark,84,29,main
Superancient Deepsea King Coelacanth,6,6,main
White Reincarnation,36,12,main
White Aura Porpoise,15,15,extra
Abyss Keeper,21,18,extra
Marincess Great Bubble Reef,27,27,extra
Power of the Guardians,15,7,main
Decisive Battle of Golgonda,11,5,main
Brigrand the Glory Dragon,7,3,extra
Superheavy Samurai Soulhorns,3,3,main
Tenyi Spirit - Adhara,2,2,main
"Jiaotu, Darkness of the Yang Zing",2,2,main
"Suanni, Fire of the Yang Zing",2,2,main
Tenyi Spirit - Shthana,20,11,main
"Incredible Ecclesia, the Virtuous",7,4,main
Swordsoul of Mo Ye,6,2,main
Swordsoul of Taia,4,2,main
Swordsoul Strategist Longyuan,6,2,main
Tenyi Spirit - Vishuda,2,2,main
Tenyi Spirit - Ashuna,4,2,main
Swordsoul Emergence,6,2,main
Swordsoul Sacred Summit,1,1,main
Swordsoul Blackout,2,2,main
"Denglong, First of the Yang Zing",2,2,extra
"Baxia, Brightness of the Yang Zing",4,2,extra
Draco Berserker of the Tenyi,3,3,extra
Swordsoul Grandmaster - Chixiao,4,2,extra
"Chaofeng, Phantom of the Yang Zing",2,2,extra
Swordsoul Sinister Sovereign - Qixing Longyuan,2,2,extra
Monk of the Tenyi,4,2,extra
Shaman of the Tenyi,2,2,extra
Drytron Alpha Thuban,2,1,main
Drytron Delta Altais,2,1,main
Drytron Gamma Eltanin,2,1,main
Drytron Zeta Aldhibah,2,1,main
Cyber Angel Natasha,1,1,main
Cyber Emergency,2,1,main
Drytron Nova,2,1,main
Drytron Fafnir,3,2,main
Meteonis Drytron,1,1,main
Drytron Mu Beta Fafnir,2,1,extra
Herald of Mirage Lights,1,1,extra
"Neptabyss, the Atlantean Prince",4,4,main
Atlantean Dragoons,9,5,main
"Poseidra, the Atlantean Dragon",3,3,main
Ursarctic Mikpolar,14,5,main
Ursarctic Miktanus,6,4,main
Ultimate Bright Knight Ursatron Alpha,14,5,main
Moulinglacia the Elemental Lord,1,1,main
Ursarctic Megabilis,10,5,main
Ursarctic Megapolar,13,5,main
Ursarctic Megatanus,13,5,main
Ursarctic Departure,15,5,main
Ursarctic Big Dipper,6,5,main
Ursarctic Radiation,13,5,main
Ursarctic Slider,6,4,main
Ursarctic Polari,10,5,extra
Ursarctic Polar Star,9,5,extra
Tatsunoko,4,4,extra
Deep Sea Repetiteur,6,6,extra
Ursarctic Grand Chariot,8,5,extra
Ursarctic Septentrion,8,5,extra
Performapal Odd-Eyes Valet,3,1,main
Performapal Odd-Eyes Synchron,1,1,main
Performapal Ladyange,2,1,main
Performapal Pendulum Sorcerer,1,1,main
Performapal Gentrude,2,1,main
Odd-Eyes Persona Dragon,1,1,main
Performapal Odd-Eyes Butler,2,1,main
Performapal Monkeyboard,3,1,main
Performapal Odd-Eyes Seer,2,1,main
Performapal Odd-Eyes Dissolver,1,1,main
Red-Eyes Flare Metal Dragon,3,3,extra
"Alpha, the Master of Beasts",1,1,main
Knightmare Corruptor Iblee,2,2,main
Crystal Beast Cobalt Eagle,1,1,main
Absolute King Back Jack,4,2,main
Ariane the Labrynth Servant,6,4,main
Prohibition,2,2,main
Labrynth Set-Up,2,2,main
Transaction Rollback,46,16,main
Mind Crush,4,2,main
Paleozoic Leanchoilia,39,15,main
Paleozoic Marrella,48,16,main
Ichiroku's Ledger Book,8,4,main
Vivid Tail,4,2,main
Archfiend's Ghastly Glitch,4,2,main
Onibimaru Soul Sweeper,5,5,extra
"Beatrice, Lady of the Eternal",3,3,extra
Batteryman Solar,3,1,main
Thunder Dragon,3,1,main
Thunder Dragondark,3,1,main
Thunder Dragonhawk,1,1,main
Thunder Dragonroar,2,1,main
Thunder Dragon Titan,2,1,extra
Kaitoptera,1,1,main
Lunalight Tiger,6,3,main
Lunalight Kaleido Chick,7,3,main
Lunalight Yellow Marten,4,3,main
Luna Light Perfume,8,3,main
Lunalight Serenade Dance,3,3,main
Bujintei Kagutsuchi,3,3,extra
Barrier Statue of the Drought,14,6,main
Herald of Pure Light,1,1,extra
Number 65: Djinn Buster,1,1,extra
Crusadia Arboria,1,1,main
Crusadia Leonis,1,1,main
Crusadia Reclusia,1,1,main
Crusadia Draco,1,1,main
Crusadia Maximus,1,1,main
"Girsu, the Orcust Mekk-Knight",3,1,main
Mekk-Knight Blue Sky,3,1,main
Mekk-Knight Indigo Eclipse,1,1,main
Mekk-Knight Purple Nightfall,3,1,main
World Legacy Succession,1,1,main
World Legacy's Memory,1,1,main
World Legacy's Secret,1,1,main
Crusadia Magius,1,1,extra
Mekk-Knight of the Morning Star,1,1,extra
Crusadia Spatha,1,1,extra
"Galatea, the Orcust Automaton",1,1,extra
Lib the World Key Blademaster,2,1,extra
Crusadia Equimax,1,1,extra
"Cir, Malebranche of the Burning Abyss",1,1,main
"Graff, Malebranche of the Burning Abyss",1,1,main
Danger!? Jackalope?,2,1,main
Danger!? Tsuchinoko?,2,1,main
The Golden Swordsoul,2,2,main
Munin the Runick Wings,1,1,extra
Dinomorphia Brute,1,1,main
Wind Pegasus @Ignister,13,13,extra
Gachi Gachi Gantetsu,1,1,extra
Galaxy Wizard,5,2,main
Photon Orbital,6,2,main
Photon Vanisher,2,2,main
Galaxy Cleric,2,2,main
Photon Jumper,5,2,main
Photon Delta Wing,6,2,main
Galaxy Soldier,6,2,main
Galaxy-Eyes Photon Dragon,4,2,main
Galaxy-Eyes Afterglow Dragon,2,2,main
Galaxy Summoner,2,2,main
Photon Emperor,2,2,main
Galaxy Expedition,2,2,main
Galaxy Trance,2,2,main
Numbers Last Hope,2,2,main
Galaxy Hundred,6,2,main
Hyper Galaxy,2,2,main
Starliege Photon Blast Dragon,2,2,extra
Galaxy Photon Dragon,2,2,extra
Number 107: Galaxy-Eyes Tachyon Dragon,2,2,extra
Galaxy-Eyes Solflare Dragon,4,2,extra
Icejade Aegirine,31,14,main
Icejade Tinola,4,4,main
Icejade Tremora,28,14,main
Icejade Cradle,51,18,main
Icejade Manifestation,15,9,main
Icejade Cenote Enion Cradle,12,9,main
Icejade Erosion,7,7,main
Secret Guards of the Ice Barrier,3,3,main
Zuijin of the Ice Barrier,4,4,main
Defender of the Ice Barrier,5,5,main
Dai-sojo of the Ice Barrier,3,3,main
General Gantala of the Ice Barrier,3,3,main
Terror of Trishula,3,3,main
Frozen Domain of the Ice Barrier,5,5,main
"Brionac, Dragon of the Ice Barrier",7,7,extra
"Dewloren, Tiger King of the Ice Barrier",5,5,extra
"Gungnir, Dragon of the Ice Barrier",4,4,extra
Space Mambo,1,1,main
Megalosmasher X,32,11,main
Heat Wave,26,9,main
"Pacifis, the Phantasm City",33,11,main
Phantasm Spiral Battle,33,11,main
Phantasm Spiral Power,31,11,main
Sea Stealth Attack,26,11,main
Gagagigo the Risen,17,6,extra
Number 101: Silent Honor ARK,12,12,extra
Number 103: Ragnazero,15,12,extra
Number 37: Hope Woven Dragon Spider Shark,5,5,extra
Number 4: Stealth Kragen,90,69,extra
Stealth Kragen Spawn,79,42,extra
Mistar Boy,13,11,extra
Crystal Beast Ruby Carbuncle,2,1,main
Crystal Beast Sapphire Pegasus,3,1,main
Crystal Beast Rainbow Dragon,3,1,main
Rainbow Dragon,1,1,main
Crystal Bond,3,1,main
Rainbow Bridge,3,1,main
Golden Rule,1,1,main
Rainbow Bridge of the Heart,3,1,main
Awakening of the Crystal Ultimates,2,1,main
Crystal Miracle,2,1,main
Lightning Chidori,17,13,extra
Warlock of the Ice Barrier,7,7,main
Lunalight Black Sheep,3,2,main
Lunalight Emerald Bird,3,2,main
Spore,7,7,main
"Therion ""Reaper"" Fum",1,1,main
Rikka Flurries,4,4,main
Rikka Tranquility,4,4,main
Kanzashi the Rikka Queen,24,11,extra
Number 87: Queen of the Night,18,10,extra
"Simorgh, Lord of the Storm",4,4,main
Snatch Steal,17,8,main
"Elborz, the Sacred Lands of Simorgh",3,3,main
Book of Eclipse,38,17,main
Ultimeat Offering,3,1,main
Floowandereeze and the Scary Sea,16,16,main
Imduk the World Chalice Dragon,14,6,extra
Marincess Blue Slug,40,18,extra
Greatfly,7,6,extra
Harpie Conductor,3,3,extra
Awakening of the Possessed - Gagigobyte,4,4,main
Spiritual Water Art - Aoi,4,4,main
Elemental HERO Bubbleman,1,1,main
Elemental HERO Stratos,10,4,main
Tin Goldfish,3,1,main
Elemental HERO Liquid Soldier,5,4,main
Miracle Fusion,6,4,main
E - Emergency Call,4,2,main
A Hero Lives,12,4,main
Forbidden Chalice,15,5,main
Compulsory Evacuation Device,6,3,main
Elemental HERO Absolute Zero,5,4,extra
Elemental HERO Great Tornado,2,1,extra
Xyz Armor Torpedo,27,26,extra
Mermaid Shark,20,7,main
Silent Sea Nettle,19,9,main
Minairuka,14,10,main
Dream Shark,2,2,main
Ready Fusion,5,2,main
Rare Fish,5,3,extra
Sea Monster of Theseus,2,2,extra
"Ixeep, Omen of the Ghoti",8,7,main
White Aura Monoceros,6,4,extra
"Guoglim, Spear of the Ghoti",2,2,extra
"Kumongous, the Sticky String Kaiju",2,1,main
Ultimate Slayer,5,3,main
Wall of Revealing Light,1,1,main
Safe Zone,1,1,main
Fossil Warrior Skull Knight,1,1,extra
Majespecter Cat - Nekomata,9,7,main
Majespecter Storm,4,4,main
Summon Breaker,5,5,main
Number 75: Bamboozling Gossip Shadow,12,10,extra
"Majester Paladin, the Ascending Dracoslayer",6,6,extra
"Hraesvelgr, the Desperate Doom Eagle",18,16,extra
Icejade Acti,5,4,main
Icejade Creation Aegirocassis,6,6,main
Icejade Kosmochlor,8,7,main
Icejade Curse,6,6,main
Egyptian God Slime,11,7,extra
Evigishki Merrowgeist,11,9,extra
Marincess Aqua Argonaut,18,18,extra
Marincess Mandarin,19,15,main
Marincess Sea Horse,45,15,main
Marincess Blue Tang,45,15,main
Marincess Pascalus,41,15,main
Marincess Basilalima,3,3,main
Marincess Springirl,45,15,main
Marincess Sleepy Maiden,9,7,main
Marincess Dive,38,15,main
Marincess Battle Ocean,24,15,main
Marincess Sea Angel,31,15,extra
Marincess Crystal Heart,18,16,extra
Marincess Marbled Rock,25,23,extra
Marincess Coral Triangle,8,8,extra
Yata-Garasu,1,1,main
Exchange,3,1,main
Mind Control,5,2,main
Sky Striker Mecha - Eagle Booster,3,1,main
Shinobi Insect Hagakuremino,7,4,extra
Reload,3,1,main
Dark Hole,18,8,main
Marincess Crown Tail,1,1,main
Scrypton,1,1,main
Marincess Circulation,3,3,main
Marincess Wonder Heart,3,3,extra
Enemy Controller,10,5,main
Elemental HERO Flame Wingman - Infernal Rage,4,4,extra
Hi-Speedroid Clear Wing Rider,10,9,extra
Gagagigo,5,4,main
Phantasm Spiral Dragon,3,3,main
Fish Sonar,24,8,main
Phantasm Spiral Crash,3,3,main
Phantasm Spiral Grip,3,3,main
Phantasm Spiral Wave,3,3,main
Metaverse,9,5,main
Fists of the Unrivaled Tenyi,13,6,main
Xyz Remora,20,9,main
Silent Wobby,1,1,main
Buzzsaw Shark,27,9,main
Lantern Shark,17,9,main
Right-Hand Shark,6,6,main
Gazer Shark,2,2,main
Crystal Shark,17,11,main
Rank-Up-Magic - The Seventh One,1,1,main
White Mirror,14,6,main
Seventh Ascension,2,1,main
Number C101: Silent Honor DARK,5,5,extra
Number C103: Ragnafinity,1,1,extra
N.As.H. Knight,7,7,extra
CXyz N.As.Ch. Knight,5,5,extra
"Trishula, the Dragon of Icy Imprisonment",9,6,extra
Prank-Kids Battle Butler,1,1,extra
Mist Valley Thunder Lord,3,3,extra
Number 30: Acid Golem of Destruction,3,3,extra
Number 42: Galaxy Tomahawk,6,4,extra
Free-Range Monsters,18,6,main
Mavelus,3,1,extra
Alligator's Sword Dragon,3,1,extra
Bracchio-raidus,9,3,extra
Punished Eagle,6,2,extra
D.3.S. Frog,4,2,extra
Book of Moon,48,18,main
Yamatako Orochi,6,6,main
Laundry Dragonmaid,28,12,main
Deep Sea Sentry,2,2,main
Traptantalizing Tune,26,10,main
Waboku,35,12,main
Elemental Burst,13,13,main
Needlebug Nest,38,13,main
Hope for Escape,13,8,main
Balance of Judgment,15,8,main
Rise to Full Height,36,13,main
Paleozoic Canadia,44,15,main
Paleozoic Dinomischus,39,14,main
Paleozoic Olenoides,41,14,main
Lost Wind,25,10,main
Paleozoic Opabinia,38,14,extra
Paleozoic Anomalocaris,31,13,extra
Paleozoic Cambroraster,14,10,extra
Speedroid Red-Eyed Dice,10,9,main
Speedroid Marble Machine,23,9,main
Speedroid Den-Den Daiko Duke,17,10,main
Speedroid CarTurbo,28,11,main
Speedroid Ultra Hound,23,9,main
Speedroid Double Yoyo,8,8,main
Speedroid Menko,1,1,main
Speedroid Horse Stilts,3,2,main
Speedroid Fuki-Modoshi Piper,12,10,main
Speedroid Rubberband Plane,4,4,main
Wynn the Wind Channeler,13,5,main
Speedroid Scratch,7,3,main
Speedroid Wheel,15,7,main
Speedroid Dupligate,11,9,main
Hi-Speedroid Cork Shooter,16,9,extra
Hi-Speedroid Puzzle,2,2,extra
Hi-Speedroid Chanbara,9,9,extra
Hi-Speedroid Hagoita,10,9,extra
Clear Wing Fast Dragon,15,13,extra
Hi-Speedroid Kitedrake,11,11,extra
Stardust Warrior,2,2,extra
Hi-Speedroid Rubber Band Shooter,19,12,extra
"The Most Distant, Deepest Depths",12,8,main
Mecha Phantom Beast O-Lion,1,1,main
"Lightning, Dragon Ruler of Drafts",2,1,main
Armed Dragon Thunder LV3,3,1,main
"Stream, Dragon Ruler of Droplets",2,1,main
Armed Dragon Thunder LV5,3,1,main
"Tempest, Dragon Ruler of Storms",4,2,main
Armed Dragon Thunder LV7,3,1,main
Pile Armed Dragon,3,1,main
Dragunity Arma Gram,3,3,main
Armed Dragon Thunder LV10,1,1,main
Armed Dragon Flash,1,1,main
Mecha Phantom Beast Dracossack,2,2,extra
Mecha Phantom Beast Auroradon,1,1,extra
Hellebore the Rikka Fairy,2,2,main
Circle of the Fairies,2,2,extra
Pendransaction,1,1,extra
Ancient Warriors - Graceful Zhou Gong,5,2,main
Ancient Warriors - Masterful Sun Mou,6,2,main
Ancient Warriors - Virtuous Liu Xuan,6,2,main
Ancient Warriors - Ingenious Zhuge Kong,2,2,main
Ancient Warriors - Loyal Guan Yun,6,2,main
Ancient Warriors - Valiant Zhang De,4,2,main
Fire Formation - Tensu,2,2,main
Ancient Warriors Saga - Three Visits,6,2,main
Ancient Warriors Saga - East-by-South Winds,1,1,main
Ancient Warriors Saga - Deception and Betrayal,6,2,main
Crystron Quandax,6,4,extra
Bahamut Shark,7,7,extra
Full Armored Black Ray Lancer,8,8,extra
Micro Coder,3,1,main
Backup Secretary,1,1,main
Code Generator,1,1,main
Firewall Phantom,1,1,main
Cynet Codec,3,1,main
Cynet Conflict,1,1,main
Code Talker,1,1,extra
Code Talker Inverted,1,1,extra
Excode Talker,1,1,extra
Firewall Dragon,4,4,extra
"Basilius, Familiar of the Evil Eye",1,1,main
"Basiltrice, Familiar of the Evil Eye",2,1,main
"Serziel, Watcher of the Evil Eye",3,1,main
Evil Eye Awakening,1,1,main
Evil Eyes Unleashed,3,1,main
Evil Eye of Selene,2,1,main
Evil Eye of Gorgoneio,2,1,main
Evil Eye Domain - Pareidolia,3,1,main
Evil Eye Retribution,1,1,main
D/D/D Stone King Darius,4,4,extra
Digital Bug Corebage,1,1,extra
"Gorgon, Empress of the Evil Eyed",2,1,extra
"Zerrziel, Ruler of the Evil Eyed",1,1,extra
Omni Dragon Brotaur,2,2,main
Converging Wills Dragon,2,2,main
Junk Converter,3,1,main
Junk Synchron,1,1,main
Wheel Synchron,1,1,main
Arrive in Light,2,2,main
Centur-Ion Bonds,3,3,main
Garden Rose Maiden,1,1,extra
Shooting Majestic Star Dragon,2,2,extra
"Dragodies, the Empowered Warrior",1,1,main
Magician's Salvation,1,1,main
Dark Magical Circle,1,1,main
Eternal Soul,1,1,main
Branded Beast,2,2,main
Dark Magician the Dragon Knight,1,1,extra
Master of Chaos,1,1,extra
Light Dragon @Ignister,1,1,extra
Lunalight Wolf,1,1,main
Lunalight Fusion,1,1,main
Lunalight Cat Dancer,1,1,extra
Lunalight Panther Dancer,2,1,extra
Lunalight Leo Dancer,2,1,extra
Brotherhood of the Fire Fist - Tiger King,1,1,extra
Dark Rebellion Xyz Dragon,1,1,extra
Underclock Taker,1,1,extra
Forbidden Lance,3,1,main
Duality,2,1,main
Allvain the Essence of Vanity,1,1,extra
Jester Confit,1,1,main
Cloudcastle,4,2,extra
Aegaion the Sea Castrum,6,2,extra
Puny Penguin,3,3,main
Penguin Soldier,2,2,main
Nopenguin,3,3,main
Glacial Beast Polar Penguin,3,3,main
Penguin Ninja,3,3,main
The Great Emperor Penguin,8,3,main
Penguin Squire,9,3,main
Pot of Avarice,2,2,main
Royal Penguins Garden,9,3,main
Discord,19,8,main
Penguin Brave,9,6,extra
Spell Card “Monster Reborn”,2,2,main
"Castel, the Skyblaster Musketeer",3,3,extra
"Majesty Maiden, the True Dracocaster",3,1,main
"Dinomight Knight, the True Dracofighter",3,1,main
Dragonic Diagram,1,1,main
Disciples of the True Dracophoenix,3,1,main
True Draco Heritage,3,1,main
Contract with Don Thousand,2,2,main
Waterfall of Dragon Souls,3,1,main
True Draco Apocalypse,3,1,main
True King's Return,3,1,main
Apophis the Swamp Deity,9,3,main
"Raphion, the Timelord",6,2,main
Chain Energy,3,1,main
Magic Cylinder,5,2,main
Dimension Wall,6,2,main
Drowning Mirror Force,3,1,main
Metal Reflect Slime,6,2,main
Zoma the Spirit,3,1,main
Imperial Iron Wall,3,1,main
Statue of Anguish Pattern,3,1,main
Hi-Speedroid Kendama,1,1,extra
Maple Maiden,4,4,extra
Demise of the Land,2,2,main
Roaring Ocean Snake,9,3,extra
"Simorgh, Bird of Beginning",8,3,main
Lyrilusc - Bird Sanctuary,6,6,main
Swallow's Nest,13,6,main
Crystal Girl,3,1,main
Ursarctic Mikbilis,4,2,main
Ursarctic Drytron,1,1,main
Ultimate Flagship Ursatron,1,1,extra
Stellar Wind Wolfrayet,3,3,extra
Navy Dragon Mech,5,5,extra
Metalfoes Fusion,1,1,main
Transcendosaurus Drillygnathus,2,2,extra
Majesty's Pegasus,15,12,main
Brinegir,1,1,main
Warrior of Atlantis,3,1,main
Doom Kraken,1,1,main
Electric Jellyfish,3,1,main
Ocean Dragon Lord - Kairyu-Shin,3,1,main
Mega Fortress Whale,1,1,main
Fury of Kairyu-Shin,3,2,main
A Legendary Ocean,5,3,main
Sea Stealth II,4,2,main
Rage of Kairyu-Shin,1,1,main
Kairyu-Shin's Dark Reef,1,1,main
Number 32: Shark Drake,1,1,extra
Crystron Quariongandrax,1,1,extra
Erica the Rikka Fairy,2,2,main
Splendid Rose,1,1,extra
Cat Shark,13,8,extra
Ib the World Chalice Priestess,5,3,extra
Sasuke Samurai #4,2,2,main
Marincess Current,1,1,main
Generation Force,3,1,main
Xyz Import,1,1,main
Xyz Revive Splash,4,2,main
Fishborg Launcher,2,2,main
Nimble Manta,2,1,main
Nimble Sunfish,8,4,main
Nimble Angler,10,4,main
Gluttonous Reptolphin Greethys,2,2,main
Whitefish Salvage,2,1,main
Ghoti Cosmos,1,1,main
Mermail Abyssgaios,1,1,extra
Spell Wall,6,2,main
Super Quantal Mech Beast Grampulse,9,7,extra
Mist Valley Baby Roc,4,2,main
Dragunity Phalanx,4,2,main
Dragunity Remus,6,2,main
Parlor Dragonmaid,2,1,main
Dragunity Guisarme,2,2,main
Dragunity Senatus,5,2,main
Dragunity Legatus,4,2,main
Dragunity Arma Mystletainn,2,2,main
Dragonmaid Lorpar,1,1,main
Dragunity Glow,3,2,main
Dragunity Divine Lance,1,1,main
Dragunity Whirlwind,2,2,main
Dragonmaid Tidying,3,3,main
Dragunity Knight - Gae Dearg,4,2,extra
Dragunity Knight - Luin,2,2,extra
Dragunity Knight - Barcha,1,1,extra
Dragunity Knight - Areadbhair,2,2,extra
Back-Up Rider,5,2,main
Lyrilusc - Bird Strike,8,4,main
Deepsea Shark,3,1,extra
Man-Eating Black Shark,6,2,extra
Mist Wurm,1,1,extra
Dynatherium,2,1,main
Ring of Magnetism,2,1,main
Mikanko Reflection Rondo,3,3,main
Armory Call,2,1,main
Mikanko Rivalry,3,2,main
Daigusto Phoenix,4,4,extra
Windwitch - Snow Bell,4,3,main
Windwitch - Ice Bell,9,3,main
Windwitch - Freeze Bell,6,3,main
Windwitch - Glass Bell,8,3,main
Windwitch - Blizzard Bell,2,2,main
Windwitch Chimes,5,2,main
Windwitch - Winter Bell,3,3,extra
Windwitch - Diamond Bell,3,3,extra
Number 19: Freezadon,1,1,extra
Gogiga Gagagigo,1,1,main
Kaminari Attack,3,1,extra
Aqua Dragon,10,4,extra
Symphonic Warrior Rockks,2,2,extra
Dragonmaid Nudyarl,1,1,main
Fiend Griefing,3,1,main
Black Garden,3,1,main
Ground Collapse,3,1,main
Threatening Roar,11,4,main
Starlight Road,3,2,main
Quaking Mirror Force,3,1,main
Token Stampede,3,1,main
Majestic Star Dragon,1,1,extra
White Aura Bihamut,1,1,extra
Dragunity Knight - Ascalon,2,2,extra
Number 21: Frozen Lady Justice,1,1,extra
Bellcat Fighter,3,1,extra
Deep Sea Artisan,2,2,main
Guitar Gurnards Duonigis,6,6,main
Mermail Abyssmegalo,1,1,main
Abyss-scale of the Kraken,1,1,main
Martial Metal Marcher,1,1,extra
Nimble Beaver,3,3,main
Nightmare Archfiends,6,2,main
Earthbound Release,6,2,main
Twin Twisters,4,2,main
Mirror Force,1,1,main
Speedroid Maliciousmagnet,4,2,main
Speed Recovery,5,3,main
Kyoutou Waterfront,1,1,main
Breakthrough Skill,4,2,main
Tilting Entrainment,1,1,extra
Testudo erat Numen,7,3,main
Gendo the Ascetic Monk,3,1,main
Super Quantal Mech Beast Aeroboros,7,5,extra
Aqua Spirit,1,1,main
"Bluebeard, the Plunder Patroll Shipwright",3,1,main
"Goldenhair, the Newest Plunder Patroll",3,1,main
"Redbeard, the Plunder Patroll Matey",1,1,main
"Whitebeard, the Plunder Patroll Helm",3,1,main
"Blackeyes, the Plunder Patroll Seaguide",1,1,main
Plunder Patroll Shipyarrrd,1,1,main
Plunder Patroll Booty,1,1,main
Transcendosaurus Glaciasaurus,4,2,extra
"Blackbeard, the Plunder Patroll Captain",2,1,extra
Sea Archiver,1,1,main
Gishki Photomirror,1,1,main
Aquamirror Illusion,4,4,main
Hero Kid,3,1,main
Melffy Catty,1,1,main
Melffy Pinny,1,1,main
Spright Double Cross,1,1,main
Melffy of the Forest,1,1,extra
Expurrely Happiness,1,1,extra
Nightmare Penguin,1,1,main
Moray of Greed,6,3,main
Deep Sea Aria,2,1,main
Red Hared Hasty Horse,1,1,main
Harpie's Pet Dragon - Fearsome Fire Blast,1,1,main
Weighbridge,3,2,main
Magical Hats,2,1,main
Mermail Abyssalacia,1,1,extra
White Stingray,2,2,main
Gusto Egul,3,1,main
"Kamui, Hope of Gusto",1,1,main
Gusto Griffin,3,1,main
Gusto Gulldo,3,1,main
"Pilica, Descendant of Gusto",3,1,main
Gusto Vedir,3,1,main
Tailwind of Gusto,3,1,main
Daigusto Gulldos,1,1,extra
Daigusto Sphreez,3,1,extra
Daigusto Laplampilica,2,1,extra
Appliancer Laundry Dragon,4,2,extra
Angello Vaalmonica,3,1,main
Dimonno Vaalmonica,3,1,main
Selettrice Vaalmonica,3,1,main
Vaalmonica Disarmonia,1,1,main
Angel of Blue Tears,1,1,main
Vaalmonica Intonare,1,1,main
Vaalmonica Scelta,3,1,main
Vaalmonica Versare,3,1,main
"Vaalmonica, the Agathokakological Voice",3,1,main
Vaalmonica Invitare,3,1,main
Vaalmonica Followed Rhythm,1,1,main
"Duralume, Vaalmonican Heathen Hallow",1,1,extra
"Zebufera, Vaalmonican Hallow Heathen",2,1,extra
Link Disciple,1,1,extra
Link Devotee,1,1,extra
Blazing Mirror Force,2,1,main
Waking the Dragon,2,1,main
Titanocider,5,2,main
Blast Held by Destiny,3,1,main
Invoked Cocytus,6,2,extra
Shooting Star Dragon,1,1,extra
Ritual Beast Tamer Lara,1,1,main
Ritual Beast Tamer Elder,3,1,main
Ritual Beast Tamer Wen,1,1,main
Ritual Beast Tamer Zeframpilica,1,1,main
Spiritual Beast Apelio,1,1,main
Spiritual Beast Cannahawk,3,1,main
Spiritual Beast Pettlephin,1,1,main
Spiritual Beast Rampengu,3,1,main
Spiritual Beast Tamer Winda,1,1,main
Ritual Beast's Bond,1,1,main
Ritual Beast Steeds,2,1,main
Ritual Beast Ulti-Apelio,3,1,extra
Ritual Beast Ulti-Cannahawk,3,1,extra
Ritual Beast Ulti-Pettlephin,1,1,extra
Ritual Beast Ulti-Kimunfalcos,3,1,extra
Wisdom-Eye Magician,3,1,main
Harmonizing Magician,2,1,main
Double Iris Magician,3,1,main
Purple Poison Magician,1,1,main
Oafdragon Magician,1,1,main
Star Pendulumgraph,1,1,main
Time Pendulumgraph,1,1,main
Odd-Eyes Rebellion Xyz Dragon,1,1,extra
Guardian Slime,2,1,main
Skypalace Gangaridai,1,1,extra
Ghost Sister & Spooky Dogwood,3,1,main
Glacial Beast Iceberg Narwhal,1,1,extra
Stygian Dirge,4,2,main
Champion's Vigilance,3,2,main
Majespecter Supercell,2,2,main
Sea Dragoons of Draconia,3,1,main
Daigusto Emeral,2,2,extra
Hiyari @Ignister,3,3,main
Achichi @Ignister,9,3,main
Bururu @Ignister,3,3,main
Doyon @Ignister,3,3,main
Pikari @Ignister,9,3,main
A.I. Meet You,3,3,main
Ignister A.I.Land,3,3,main
A.I.dle Reborn,3,3,main
Dark Infant @Ignister,6,3,extra
Dark Templar @Ignister,3,3,extra
Firewall Dragon Darkfluid,3,3,extra
Orient Dragon,1,1,extra
Adamancipator Risen - Raptite,1,1,extra
Battlewasp - Hama the Conquering Bow,1,1,extra
Lappis Dragon,1,1,main
Mimiclay,1,1,main
Wing Requital,3,1,main
Lyrilusc - Independent Nightingale,1,1,extra
Artifact Scythe,1,1,main
Artifact Dagda,1,1,extra
Mementotlan Cranium Burst,1,1,main
Yosenju Kama 1,6,2,main
Yosenju Kama 2,2,2,main
Yosenju Kama 3,6,2,main
Yosenju Shinchu L,4,2,main
Yosenju Shinchu R,4,2,main
Yosenju Sabu,4,2,main
Mayosenju Daibak,2,2,main
Mayosenju Hitot,6,2,main
Yosenju Oroshi Channeling,5,2,main
Ice Beast Zerofyne,3,1,extra
Daidaratant the Ooze Giant,2,1,extra
Icejade Creation Kingfisher,3,3,main
Superheavy Samurai Soulbuster Gauntlet,1,1,main
Superheavy Samurai Stealthy,1,1,main
Superheavy Samurai Wagon,3,1,main
Superheavy Samurai Soulgaia Booster,1,1,main
Superheavy Samurai Ninja Sarutobi,1,1,extra
Superheavy Samurai Brave Masurawo,1,1,extra
Gear Gigant X,1,1,extra
Qliphort Genius,1,1,extra
Unchained Soul of Disaster,2,2,main
Geistgrinder Golem,1,1,main
"Yazi, Evil of the Yang Zing",1,1,extra
Black Metal Dragon,4,2,main
Red-Eyes Darkness Metal Dragon,2,2,main
Tuning,2,1,main
Yosenju Izna,1,1,main
Dream Tower of Princess Nemleria,3,1,main
Yosenjus' Sword Sting,1,1,main
Yosenjus' Secret Move,1,1,main
Harpie's Pet Phantasmal Dragon,1,1,extra
Tour Guide From the Underworld,9,3,main
Fiendish Rhino Warrior,3,3,main
D/D/D Vice King Requiem,3,3,main
Elemental HERO Neos,3,3,main
Vision HERO Increase,6,3,main
Destiny HERO - Denier,3,3,main
Elemental HERO Shadow Mist,3,3,main
Vision HERO Vyon,6,3,main
Vision HERO Faris,7,3,main
Destiny HERO - Malicious,6,3,main
Elemental HERO Honest Neos,2,2,main
Destiny HERO - Plasma,3,3,main
Fusion Destiny,6,3,main
Mask Change,4,3,main
Favorite Contact,3,3,main
Masked HERO Dark Law,3,3,extra
Masked HERO Blast,3,3,extra
Elemental HERO Sunrise,3,3,extra
Vision HERO Trinity,3,3,extra
Elemental HERO Shining Neos Wingman,3,3,extra
Wake Up Your Elemental HERO,3,3,extra
Xtra HERO Wonder Driver,3,3,extra
Xtra HERO Cross Crusader,6,3,extra
Xtra HERO Infernal Devicer,3,3,extra
Xtra HERO Dread Decimator,3,3,extra
Rasterliger,2,2,extra
Hidden Armory,6,2,main
Metalsilver Armor,1,1,main
Axe of Fools,2,2,main
Mikanko Purification Dance,1,1,main
Submersible Carrier Aero Shark,3,1,extra
"Eanoc, Sentry of the Ghoti",1,1,main
Ghoti Chain,1,1,main
Atlantean Marksman,1,1,main
Deep Sea Minstrel,3,1,main
Medium of the Ice Barrier,1,1,main
Red-Eyes Black Dragon,1,1,main
Rokket Recharger,1,1,main
Starliege Seyfert,3,1,main
Red-Eyes Black Meteor Dragon,1,1,main
Absorouter Dragon,1,1,main
Noctovision Dragon,1,1,main
Red-Eyes Soul,1,1,main
Chaos Dragon Levianeer,1,1,main
Red-Eyes Fusion,1,1,main
Red-Eyes Slash Dragon,1,1,extra
Guardragon Pisty,1,1,extra
Dillingerous Dragon,1,1,extra
Borrelend Dragon,1,1,extra
"Brightest, Blazing, Branded King",1,1,main
Magical Mallet,3,1,main
Dark World Dealings,3,1,main
Card of Fate,1,1,main
Hand Destruction,3,1,main
Jar of Avarice,1,1,main
"Gizmek Okami, the Dreaded Deluge Dragon",1,1,main
Gishki Zielgigas,3,2,main
Salvage,4,2,main
Armored Kappa,1,1,extra
Heavy Storm Duster,2,1,main
Neo-Spacian Marine Dolphin,3,1,extra
Chimera the Flying Mythical Beast,3,1,extra
Gaia the Dragon Champion,3,1,extra
"Aiwass, the Magistus Spell Spirit",3,1,extra
Risebell the Star Adjuster,1,1,main
Ghost Fairy Elfobia,1,1,main
D/D/D Gust High King Alexander,1,1,extra
Battlewasp - Ballista the Armageddon,1,1,extra
Axe of Despair,3,1,main
Mask of Brutality,3,1,main
Thousand Dragon,1,1,extra
Battlewasp - Azusa the Ghost Bow,1,1,extra
Junk Berserker,1,1,extra
Ice Princess Zereort,1,1,extra
Duelist Genesis,2,1,main
Synchro Control,1,1,main
Synchro Forceback,1,1,main
Alba-Lenatus the Abyss Dragon,1,1,extra
Cattle Call,2,1,main
Mitsu the Insect Ninja,3,1,main
Green Ninja,1,1,main
Kagero the Cannon Ninja,1,1,main
Jioh the Gravity Ninja,2,1,main
Armor Ninjitsu Art of Alchemy,1,1,main
Hidden Village of Ninjitsu Arts,1,1,main
Ninjitsu Art Notebook,3,1,main
Ninjitsu Art Notebook of Mystery,3,1,main
Ninjitsu Art of Duplication,1,1,main
Ninjitsu Art of Dancing Leaves,1,1,main
Yaguramaru the Armor Ninja,2,1,extra
Ace★Spades Speculation,1,1,extra
Ninja Grandmaster Saizo,1,1,extra
Shaddoll Dragon,1,1,main
Necroface,2,1,main
Armageddon Knight,1,1,main
Sales Ban,3,1,main
"Curious, the Lightsworn Dominion",1,1,extra
Topologic Zeroboros,1,1,extra
Synchro Zone,1,1,main
Destiny HERO - Dystopia,1,1,extra
"Thunder King, the Lightningstrike Kaiju",2,1,main
"Jizukiru, the Star Destroying Kaiju",2,1,main
Double-Edged Sword,1,1,main
Number 49: Fortune Tune,1,1,extra
T.G. Recipro Dragonfly,3,1,extra
Old Entity Hastorr,3,1,extra
Crystron Ametrix,3,1,extra
Ice Knight,1,1,main
Booby Trap E,1,1,main
Redeemable Jar,1,1,main
Symphonic Warrior Guitaar,2,1,main
Symphonic Warrior Guitariss,1,1,main
Symphonic Warrior Miccs,1,1,main
Elemental HERO Flame Wingman,3,1,extra
Elemental HERO Aqua Neos,3,1,extra
Elemental HERO Marine Neos,3,1,extra
Elemental HERO Storm Neos,3,1,extra
Ancient Warriors Saga - Borrowing of Arrows,1,1,main
"Gaia Dragon, the Thunder Charger",1,1,extra
Graydle Alligator,1,1,main
Graydle Cobra,3,1,main
Graydle Eagle,1,1,main
Graydle Impact,1,1,main
Fiend Comedian,2,1,main
Needle Ceiling,3,1,main
Secret Password,1,1,main
"Ringowurm, the Dragon Guarding the Hundred Apples",2,1,main
"Alsei, the Sylvan High Protector",1,1,extra
Fire King Avatar Rangbali,1,1,main
Wailing of the Unchained Souls,1,1,main
"Red Lotus King, Flame Crime",1,1,main
Herald of the Abyss,3,1,main
Gravekeeper's Inscription,3,1,main
Autonomous Action Unit,3,1,main
Turbo Warrior,1,1,extra
Stardust Assault Warrior,1,1,extra
Dragunity Couse,1,1,main
Dragunity Dux,2,1,main
Dragunity Oubliette,1,1,main
Dragunity Knight - Vajrayana,1,1,extra
Humanoid Worm Drake,3,1,extra
Pollinosis,3,1,main
Power Filter,3,1,main
